N,Precision,Recall,F-Measure
1,1.0,0.04,0.07692307692307693
2,1.0,0.08,0.14814814814814814
3,1.0,0.12,0.21428571428571425
4,1.0,0.16,0.2758620689655173
5,1.0,0.2,0.33333333333333337
6,1.0,0.24,0.3870967741935484
7,1.0,0.28,0.43750000000000006
8,1.0,0.32,0.48484848484848486
9,1.0,0.36,0.5294117647058824
10,1.0,0.4,0.5714285714285715
11,1.0,0.44,0.6111111111111112
12,1.0,0.48,0.6486486486486487
13,1.0,0.52,0.6842105263157895
14,1.0,0.56,0.717948717948718
15,0.9333333333333333,0.56,0.7000000000000001
16,0.875,0.56,0.6829268292682927
17,0.8823529411764706,0.6,0.7142857142857143
18,0.8888888888888888,0.64,0.7441860465116279
19,0.8947368421052632,0.68,0.7727272727272727
20,0.9,0.72,0.7999999999999999
21,0.9047619047619048,0.76,0.8260869565217391
22,0.9090909090909091,0.8,0.8510638297872342
23,0.9130434782608695,0.84,0.8749999999999999
24,0.9166666666666666,0.88,0.8979591836734694
25,0.88,0.88,0.88
26,0.8846153846153846,0.92,0.9019607843137256
27,0.8888888888888888,0.96,0.923076923076923
28,0.8928571428571429,1.0,0.9433962264150945
29,0.8620689655172413,1.0,0.9259259259259259
30,0.8333333333333334,1.0,0.9090909090909091
